{
  "Ansi 4 Color" : {
    "Red Component" : 0.4029005765914917,
    "Color Space" : "sRGB",
    "Blue Component" : 0.87082749605178833,
    "Alpha Component" : 1,
    "Green Component" : 0.67849403619766235
  },
  "Tags" : [

  ],
  "Ansi 12 Color" : {
    "Red Component" : 0.4029005765914917,
    "Color Space" : "sRGB",
    "Blue Component" : 0.87082749605178833,
    "Alpha Component" : 1,
    "Green Component" : 0.67849403619766235
  },
  "Ansi 5 Color" : {
    "Red Component" : 0.87703913450241089,
    "Color Space" : "sRGB",
    "Blue Component" : 0.87042087316513062,
    "Alpha Component" : 1,
    "Green Component" : 0.54056793451309204
  },
  "Ansi 6 Color" : {
    "Red Component" : 0.16966342926025391,
    "Color Space" : "sRGB",
    "Blue Component" : 0.88701140880584717,
    "Alpha Component" : 1,
    "Green Component" : 0.76887255907058716
  },
  "Bold Color" : {
    "Red Component" : 0.83741801977157593,
    "Color Space" : "sRGB",
    "Blue Component" : 0.83742713928222656,
    "Alpha Component" : 1,
    "Green Component" : 0.83743780851364136
  },
  "Ansi 7 Color" : {
    "Red Component" : 0.91824531555175781,
    "Color Space" : "sRGB",
    "Blue Component" : 0.9182552695274353,
    "Alpha Component" : 1,
    "Green Component" : 0.91826683282852173
  },
  "Ansi 8 Color" : {
    "Red Component" : 0.40000000596046448,
    "Color Space" : "sRGB",
    "Blue Component" : 0.40000000596046448,
    "Alpha Component" : 1,
    "Green Component" : 0.40000000596046448
  },
  "Ansi 9 Color" : {
    "Red Component" : 0.96550124883651733,
    "Color Space" : "sRGB",
    "Blue Component" : 0.36836892366409302,
    "Alpha Component" : 1,
    "Green Component" : 0.39370739459991455
  },
  "Rows" : 50,
  "Default Bookmark" : "No",
  "Ansi 2 Color" : {
    "Red Component" : 0,
    "Color Space" : "sRGB",
    "Blue Component" : 0.54816734790802002,
    "Alpha Component" : 1,
    "Green Component" : 0.77129161357879639
  },
  "Ansi 3 Color" : {
    "Red Component" : 0.91772204637527466,
    "Color Space" : "sRGB",
    "Blue Component" : 0.053253099322319031,
    "Alpha Component" : 1,
    "Green Component" : 0.90503400564193726
  },
  "Cursor Guide Color" : {
    "Red Component" : 0.082667849957942963,
    "Color Space" : "sRGB",
    "Blue Component" : 0.86274629831314087,
    "Alpha Component" : 0.25,
    "Green Component" : 0.98757690191268921
  },
  "Non-ASCII Anti Aliased" : true,
  "Use Bright Bold" : true,
  "Ansi 10 Color" : {
    "Red Component" : 0,
    "Color Space" : "sRGB",
    "Blue Component" : 0.54816734790802002,
    "Alpha Component" : 1,
    "Green Component" : 0.77129161357879639
  },
  "Ambiguous Double Width" : false,
  "Jobs to Ignore" : [
    "rlogin",
    "ssh",
    "slogin",
    "telnet"
  ],
  "Show Status Bar" : true,
  "Ansi 15 Color" : {
    "Red Component" : 0.91824531555175781,
    "Color Space" : "sRGB",
    "Blue Component" : 0.9182552695274353,
    "Alpha Component" : 1,
    "Green Component" : 0.91826683282852173
  },
  "Foreground Color" : {
    "Red Component" : 0.86353904008865356,
    "Color Space" : "sRGB",
    "Blue Component" : 0.8635483980178833,
    "Alpha Component" : 1,
    "Green Component" : 0.8635593056678772
  },
  "Bound Hosts" : [

  ],
  "Working Directory" : "\/Users\/amrmkayid",
  "Blinking Cursor" : false,
  "Disable Window Resizing" : true,
  "Sync Title" : false,
  "Prompt Before Closing 2" : false,
  "BM Growl" : true,
  "Command" : "",
  "Description" : "Default",
  "Mouse Reporting" : true,
  "Screen" : -1,
  "Selection Color" : {
    "Red Component" : 1,
    "Color Space" : "sRGB",
    "Blue Component" : 1,
    "Alpha Component" : 1,
    "Green Component" : 1
  },
  "Only The Default BG Color Uses Transparency" : true,
  "Columns" : 200,
  "Idle Code" : 0,
  "Ansi 13 Color" : {
    "Red Component" : 0.87703913450241089,
    "Color Space" : "sRGB",
    "Blue Component" : 0.87042087316513062,
    "Alpha Component" : 1,
    "Green Component" : 0.54056793451309204
  },
  "Custom Command" : "No",
  "ASCII Anti Aliased" : true,
  "Non Ascii Font" : "Monaco 12",
  "Vertical Spacing" : 1,
  "Use Bold Font" : true,
  "Option Key Sends" : 0,
  "Selected Text Color" : {
    "Red Component" : 0.066536239588913304,
    "Color Space" : "sRGB",
    "Blue Component" : 0.68017864227294922,
    "Alpha Component" : 1,
    "Green Component" : 0.68017864227294922
  },
  "Background Color" : {
    "Red Component" : 0,
    "Color Space" : "sRGB",
    "Blue Component" : 0.21176470588235294,
    "Alpha Component" : 1,
    "Green Component" : 0.16862745098039217
  },
  "Character Encoding" : 4,
  "Ansi 11 Color" : {
    "Red Component" : 0.91772204637527466,
    "Color Space" : "sRGB",
    "Blue Component" : 0.053253099322319031,
    "Alpha Component" : 1,
    "Green Component" : 0.90503400564193726
  },
  "Use Italic Font" : true,
  "Unlimited Scrollback" : false,
  "Keyboard Map" : {
    "0xf728-0x80000" : {
      "Text" : "d",
      "Action" : 10
    },
    "0xf702-0x280000" : {
      "Text" : "b",
      "Action" : 10
    },
    "0xf70d-0x20000" : {
      "Text" : "[21;2~",
      "Action" : 10
    },
    "0x7f-0x80000" : {
      "Text" : "0x1b 0x7f",
      "Action" : 11
    },
    "0xf708-0x20000" : {
      "Text" : "[15;2~",
      "Action" : 10
    },
    "0x33-0x40000" : {
      "Text" : "0x1b",
      "Action" : 11
    },
    "0xf703-0x260000" : {
      "Text" : "[1;6C",
      "Action" : 10
    },
    "0xf729-0x20000" : {
      "Text" : "[1;2H",
      "Action" : 10
    },
    "0xf702-0x260000" : {
      "Text" : "[1;6D",
      "Action" : 10
    },
    "0x38-0x40000" : {
      "Text" : "0x7f",
      "Action" : 11
    },
    "0xf72b-0x40000" : {
      "Text" : "[1;5F",
      "Action" : 10
    },
    "0xf70c-0x20000" : {
      "Text" : "[20;2~",
      "Action" : 10
    },
    "0xf701-0x260000" : {
      "Text" : "[1;6B",
      "Action" : 10
    },
    "0x32-0x40000" : {
      "Text" : "0x00",
      "Action" : 11
    },
    "0xf707-0x20000" : {
      "Text" : "[1;2S",
      "Action" : 10
    },
    "0xf703-0x240000" : {
      "Text" : "[1;5C",
      "Action" : 10
    },
    "0xf700-0x260000" : {
      "Text" : "[1;6A",
      "Action" : 10
    },
    "0xf702-0x240000" : {
      "Text" : "[1;5D",
      "Action" : 10
    },
    "0xf703-0x300000" : {
      "Text" : "0x5",
      "Action" : 11
    },
    "0x37-0x40000" : {
      "Text" : "0x1f",
      "Action" : 11
    },
    "0x3-0x200000" : {
      "Text" : "0xd",
      "Action" : 11
    },
    "0xf701-0x240000" : {
      "Text" : "[1;5B",
      "Action" : 10
    },
    "0xf702-0x300000" : {
      "Text" : "0x1",
      "Action" : 11
    },
    "0xf703-0x220000" : {
      "Text" : "[1;2C",
      "Action" : 10
    },
    "0xf739-0x0" : {
      "Text" : "",
      "Action" : 13
    },
    "0xf70b-0x20000" : {
      "Text" : "[19;2~",
      "Action" : 10
    },
    "0xf728-0x0" : {
      "Text" : "0x4",
      "Action" : 11
    },
    "0xf706-0x20000" : {
      "Text" : "[1;2R",
      "Action" : 10
    },
    "0xf700-0x240000" : {
      "Text" : "[1;5A",
      "Action" : 10
    },
    "0xf702-0x220000" : {
      "Text" : "[1;2D",
      "Action" : 10
    },
    "0x36-0x40000" : {
      "Text" : "0x1e",
      "Action" : 11
    },
    "0xf70f-0x20000" : {
      "Text" : "[24;2~",
      "Action" : 10
    },
    "0xf701-0x220000" : {
      "Text" : "[1;2B",
      "Action" : 10
    },
    "0xf70a-0x20000" : {
      "Text" : "[18;2~",
      "Action" : 10
    },
    "0xf729-0x40000" : {
      "Text" : "[1;5H",
      "Action" : 10
    },
    "0xf72b-0x20000" : {
      "Text" : "[1;2F",
      "Action" : 10
    },
    "0xf700-0x220000" : {
      "Text" : "[1;2A",
      "Action" : 10
    },
    "0x30-0x200000" : {
      "Text" : "0",
      "Action" : 12
    },
    "0xf705-0x20000" : {
      "Text" : "[1;2Q",
      "Action" : 10
    },
    "0x31-0x200000" : {
      "Text" : "1",
      "Action" : 12
    },
    "0x33-0x200000" : {
      "Text" : "3",
      "Action" : 12
    },